Provincia di Frosinone,
Provincia di Latina,
Provincia di Rieti,
Provincia di Roma,
Provincia di Viterbo,
Comune di Frosinone,Provincia di Frosinone
Comune di Latina,Provincia di Latina
Comune di Rieti,Provincia di Rieti
Comune di Roma,Provincia di Roma
Comune di Viterbo,Provincia di Viterbo
Comune di Acquapendente,Provincia di Viterbo
Comune di Alatri,Provincia di Frosinone
Comune di Albano Laziale,Provincia di Roma
Comune di Anagni,Provincia di Frosinone
Comune di Anguillara Sabazia,Provincia di Roma
Comune di Anzio,Provincia di Roma
Comune di Aprilia,Provincia di Latina
Comune di Aquino,Provincia di Frosinone
Comune di Arce,Provincia di Frosinone
Comune di Ardea,Provincia di Roma
Comune di Ariccia,Provincia di Roma
Comune di Arpino,Provincia di Frosinone
Comune di Artena,Provincia di Roma
Comune di Bassano Romano,Provincia di Viterbo
Comune di Boville Ernica,Provincia di Frosinone
Comune di Bracciano,Provincia di Roma
Comune di Campagnano di Roma,Provincia di Roma
Comune di Canino,Provincia di Viterbo
Comune di Capena,Provincia di Roma
Comune di Capranica,Provincia di Viterbo
Comune di Caprarola,Provincia di Viterbo
Comune di Cassino,Provincia di Frosinone
Comune di Castel Gandolfo,Provincia di Roma
Comune di Castel Madama,Provincia di Roma
Comune di Castelnuovo di Porto,Provincia di Roma
Comune di Cave,Provincia di Roma
Comune di Ceccano,Provincia di Frosinone
Comune di Ceprano,Provincia di Frosinone
Comune di Cervaro,Provincia di Frosinone
Comune di Cerveteri,Provincia di Roma
Comune di Ciampino,Provincia di Roma
Comune di Cisterna di Latina,Provincia di Latina
Comune di Cittaducale,Provincia di Rieti
Comune di Civita Castellana,Provincia di Viterbo
Comune di Civitavecchia,Provincia di Roma
Comune di Colleferro,Provincia di Roma
Comune di Cori,Provincia di Latina
Comune di Fabrica di Roma,Provincia di Viterbo
Comune di Fara in Sabina,Provincia di Rieti
Comune di Acquapendente,Provincia di Viterbo
Comune di Alatri,Provincia di Frosinone
Comune di Albano Laziale,Provincia di Roma
Comune di Anagni,Provincia di Frosinone
Comune di Anguillara Sabazia,Provincia di Roma
Comune di Anzio,Provincia di Roma
Comune di Aprilia,Provincia di Latina
Comune di Aquino,Provincia di Frosinone
Comune di Arce,Provincia di Frosinone
Comune di Ardea,Provincia di Roma
Comune di Ariccia,Provincia di Roma
Comune di Arpino,Provincia di Frosinone
Comune di Artena,Provincia di Roma
Comune di Bassano Romano,Provincia di Viterbo
Comune di Boville Ernica,Provincia di Frosinone
Comune di Bracciano,Provincia di Roma
Comune di Campagnano di Roma,Provincia di Roma
Comune di Canino,Provincia di Viterbo
Comune di Capena,Provincia di Roma
Comune di Capranica,Provincia di Viterbo
Comune di Caprarola,Provincia di Viterbo
Comune di Cassino,Provincia di Frosinone
Comune di Castel Gandolfo,Provincia di Roma
Comune di Castel Madama,Provincia di Roma
Comune di Castelnuovo di Porto,Provincia di Roma
Comune di Cave,Provincia di Roma
Comune di Ceccano,Provincia di Frosinone
Comune di Ceprano,Provincia di Frosinone
Comune di Cervaro,Provincia di Frosinone
Comune di Cerveteri,Provincia di Roma
Comune di Ciampino,Provincia di Roma
Comune di Cisterna di Latina,Provincia di Latina
Comune di Cittaducale,Provincia di Rieti
Comune di Civita Castellana,Provincia di Viterbo
Comune di Civitavecchia,Provincia di Roma
Comune di Colleferro,Provincia di Roma
Comune di Cori,Provincia di Latina
Comune di Fabrica di Roma,Provincia di Viterbo
Comune di Fara in Sabina,Provincia di Rieti
Comune di Ferentino,Provincia di Frosinone
Comune di Fiano Romano,Provincia di Roma
Comune di Fiuggi,Provincia di Frosinone
Comune di Fiumicino,Provincia di Roma
Comune di Fondi,Provincia di Latina
Comune di Fonte Nuova,Provincia di Roma
Comune di Formello,Provincia di Roma
Comune di Formia,Provincia di Latina
Comune di Frascati,Provincia di Roma
Comune di Gaeta,Provincia di Latina
Comune di Gallicano nel Lazio,Provincia di Roma
Comune di Genazzano,Provincia di Roma
Comune di Genzano di Roma,Provincia di Roma
Comune di Grottaferrata,Provincia di Roma
Comune di Guidonia Montecelio,Provincia di Roma
Comune di Isola del Liri,Provincia di Frosinone
Comune di Itri,Provincia di Latina
Comune di Labico,Provincia di Roma
Comune di Ladispoli,Provincia di Roma
Comune di Lanuvio,Provincia di Roma
Comune di Lariano,Provincia di Roma
Comune di Manziana,Provincia di Roma
Comune di Marcellina,Provincia di Roma
Comune di Marino,Provincia di Roma
Comune di Mentana,Provincia di Roma
Comune di Minturno,Provincia di Latina
Comune di Montalto di Castro,Provincia di Viterbo
Comune di Monte Compatri,Provincia di Roma
Comune di Montefiascone,Provincia di Viterbo
Comune di Montelibretti,Provincia di Roma
Comune di Monte Porzio Catone,Provincia di Roma
Comune di Monterotondo,Provincia di Roma
Comune di Monte San Biagio,Provincia di Latina
Comune di Monte San Giovanni Campano,Provincia di Frosinone
Comune di Morlupo,Provincia di Roma
Comune di Nepi,Provincia di Viterbo
Comune di Nettuno,Provincia di Roma
Comune di Olevano Romano,Provincia di Roma
Comune di Orte,Provincia di Viterbo
Comune di Palestrina,Provincia di Roma
Comune di Paliano,Provincia di Frosinone
Comune di Palombara Sabina,Provincia di Roma
Comune di Piedimonte San Germano,Provincia di Frosinone
Comune di Poggio Mirteto,Provincia di Rieti
Comune di Pomezia,Provincia di Roma
Comune di Pontecorvo,Provincia di Frosinone
Comune di Pontinia,Provincia di Latina
Comune di Priverno,Provincia di Latina
Comune di Riano,Provincia di Roma
Comune di Rignano Flaminio,Provincia di Roma
Comune di Ripi,Provincia di Frosinone
Comune di Rocca di Papa,Provincia di Roma
Comune di Rocca Priora,Provincia di Roma
Comune di Roccasecca,Provincia di Frosinone
Comune di Roma - Municipio I,Comune di Roma
Comune di Roma - Municipio II,Comune di Roma
Comune di Roma - Municipio III,Comune di Roma
Comune di Roma - Municipio IV,Comune di Roma
Comune di Roma - Municipio V,Comune di Roma
Comune di Roma - Municipio VI,Comune di Roma
Comune di Roma - Municipio VII,Comune di Roma
Comune di Roma - Municipio VIII,Comune di Roma
Comune di Roma - Municipio IX,Comune di Roma
Comune di Roma - Municipio X,Comune di Roma
Comune di Roma - Municipio XI,Comune di Roma
Comune di Roma - Municipio XII,Comune di Roma
Comune di Roma - Municipio XIII,Comune di Roma
Comune di Roma - Municipio XIV,Comune di Roma
Comune di Roma - Municipio XV,Comune di Roma
Comune di Ronciglione,Provincia di Viterbo
Comune di Sabaudia,Provincia di Latina
Comune di Sacrofano,Provincia di Roma
Comune di San Cesareo,Provincia di Roma
Comune di San Felice Circeo,Provincia di Latina
Comune di Santa Marinella,Provincia di Roma
Comune di Sant Elia Fiumerapido,Provincia di Frosinone
Comune di Santi Cosma e Damiano,Provincia di Latina
Comune di Segni,Provincia di Roma
Comune di Sermoneta,Provincia di Latina
Comune di Sezze,Provincia di Latina
Comune di Sonnino,Provincia di Latina
Comune di Sora,Provincia di Frosinone
Comune di Soriano nel Cimino,Provincia di Viterbo
Comune di Subiaco,Provincia di Roma
Comune di Sutri,Provincia di Viterbo
Comune di Tarquinia,Provincia di Viterbo
Comune di Terracina,Provincia di Latina
Comune di Tivoli,Provincia di Roma
Comune di Tolfa,Provincia di Roma
Comune di Trevignano Romano,Provincia di Roma
Comune di Tuscania,Provincia di Viterbo
Comune di Valmontone,Provincia di Roma
Comune di Velletri,Provincia di Roma
Comune di Veroli,Provincia di Frosinone
Comune di Vetralla,Provincia di Viterbo
Comune di Zagarolo,Provincia di Roma
