Frosinone,
Latina,
Rieti,
Roma,
Viterbo,Lazio
Acquapendente,Viterbo
Alatri,Frosinone
Albano Laziale,Roma
Anagni,Frosinone
Anguillara Sabazia,Roma
Anzio,Roma
Aprilia,Latina
Aquino,Frosinone
Arce,Frosinone
Ardea,Roma
Ariccia,Roma
Arpino,Frosinone
Artena,Roma
Bassano Romano,Viterbo
Boville Ernica,Frosinone
Bracciano,Roma
Campagnano di Roma,Roma
Canino,Viterbo
Capena,Roma
Capranica,Viterbo
Caprarola,Viterbo
Cassino,Frosinone
Castel Gandolfo,Roma
Castel Madama,Roma
Castelnuovo di Porto,Roma
Cave,Roma
Ceccano,Frosinone
Ceprano,Frosinone
Cervaro,Frosinone
Cerveteri,Roma
Ciampino,Roma
Cisterna di Latina,Latina
Cittaducale,Rieti
Civita Castellana,Viterbo
Civitavecchia,Roma
Colleferro,Roma
Cori,Latina
Fabrica di Roma,Viterbo
Fara in Sabina,Rieti
Ferentino,Frosinone
Fiano Romano,Roma
Fiuggi,Frosinone
Fiumicino,Roma
Fondi,Latina
Fonte Nuova,Roma
Formello,Roma
Formia,Latina
Frascati,Roma
Gaeta,Latina
Gallicano nel Lazio,Roma
Genazzano,Roma
Genzano di Roma,Roma
Grottaferrata,Roma
Guidonia Montecelio,Roma
Isola del Liri,Frosinone
Itri,Latina
Labico,Roma
Ladispoli,Roma
Lanuvio,Roma
Lariano,Roma
Manziana,Roma
Marcellina,Roma
Marino,Roma
Mentana,Roma
Minturno,Latina
Montalto di Castro,Viterbo
Monte Compatri,Roma
Montefiascone,Viterbo
Montelibretti,Roma
Monte Porzio Catone,Roma
Monterotondo,Roma
Monte San Biagio,Latina
Monte San Giovanni Campano,Frosinone
Morlupo,Roma
Nepi,Viterbo
Nettuno,Roma
Olevano Romano,Roma
Orte,Viterbo
Palestrina,Roma
Paliano,Frosinone
Palombara Sabina,Roma
Piedimonte San Germano,Frosinone
Poggio Mirteto,Rieti
Pomezia,Roma
Pontecorvo,Frosinone
Pontinia,Latina
Priverno,Latina
Riano,Roma
Rignano Flaminio,Roma
Ripi,Frosinone
Rocca di Papa,Roma
Rocca Priora,Roma
Roccasecca,Frosinone
Roma - Municipio I,Roma
Roma - Municipio II,Roma
Roma - Municipio III,Roma
Roma - Municipio IV,Roma
Roma - Municipio V,Roma
Roma - Municipio VI,Roma
Roma - Municipio VII,Roma
Roma - Municipio VIII,Roma
Roma - Municipio IX,Roma
Roma - Municipio X,Roma
Roma - Municipio XI,Roma
Roma - Municipio XII,Roma
Roma - Municipio XIII,Roma
Roma - Municipio XIV,Roma
Roma - Municipio XV,Roma
Ronciglione,Viterbo
Sabaudia,Latina
Sacrofano,Roma
San Cesareo,Roma
San Felice Circeo,Latina
Santa Marinella,Roma
Sant\'Elia Fiumerapido,Frosinone
Santi Cosma e Damiano,Latina
Segni,Roma
Sermoneta,Latina
Sezze,Latina
Sonnino,Latina
Sora,Frosinone
Soriano nel Cimino,Viterbo
Subiaco,Roma
Sutri,Viterbo
Tarquinia,Viterbo
Terracina,Latina
Tivoli,Roma
Tolfa,Roma
Trevignano Romano,Roma
Tuscania,Viterbo
Valmontone,Roma
Velletri,Roma
Veroli,Frosinone
Vetralla,Viterbo
Zagarolo,Roma
